EPS;MIN_SAMPLES;RECOMMENDED_CLUSTERS;NOISE_POINTS;HOMOGENEITY;COMPLETENESS;V-MEASURE;ADJUSTED_RAND_INDEX
0.2;25;53;15873;0.170;0.040;0.065;-0.010
0.2;50;17;17157;0.151;0.061;0.086;0.036
0.2;75;11;17649;0.144;0.075;0.099;0.064
0.2;100;8;17906;0.140;0.087;0.108;0.082
0.2;200;3;18580;0.131;0.153;0.141;0.147
0.3;25;52;15818;0.172;0.041;0.066;-0.011
0.3;50;18;17001;0.154;0.058;0.085;0.030
0.3;75;12;17437;0.148;0.070;0.095;0.053
0.3;100;9;17717;0.144;0.080;0.103;0.070
0.3;200;3;18517;0.133;0.147;0.140;0.142
0.6;25;53;15710;0.174;0.040;0.065;-0.013
0.6;50;18;16858;0.157;0.056;0.083;0.024
0.6;75;13;17186;0.152;0.064;0.090;0.040
0.6;100;10;17511;0.148;0.073;0.098;0.058
0.6;200;3;18508;0.134;0.147;0.140;0.142
1;25;52;15691;0.175;0.040;0.066;-0.013
1;50;17;16839;0.157;0.057;0.084;0.024
1;75;12;17160;0.152;0.065;0.091;0.039
1;100;10;17325;0.150;0.070;0.095;0.047
1;200;5;18098;0.139;0.104;0.119;0.100
2;25;53;15485;0.178;0.040;0.065;-0.018
2;50;16;16755;0.158;0.058;0.085;0.021
2;75;11;17072;0.154;0.066;0.092;0.035
2;100;9;17235;0.151;0.071;0.096;0.043
2;200;4;17817;0.143;0.097;0.116;0.079
2;400;2;18375;0.017;0.018;0.018;-0.060
4;25;58;13245;0.209;0.034;0.059;-0.035
4;50;25;14530;0.186;0.041;0.068;-0.027
4;75;16;15206;0.175;0.047;0.074;-0.015
4;100;9;15802;0.166;0.055;0.082;0.000
4;200;4;16607;0.154;0.070;0.097;0.027
4;400;3;16994;0.037;0.020;0.026;-0.084
4;600;2;18074;0.019;0.016;0.017;-0.065
8;25;60;11092;0.230;0.032;0.056;-0.040
8;50;24;12529;0.203;0.037;0.062;-0.031
8;75;19;12885;0.197;0.038;0.064;-0.028
8;100;11;13634;0.185;0.043;0.070;-0.018
8;200;6;14603;0.171;0.050;0.077;-0.003
8;400;3;15801;0.041;0.017;0.024;-0.066
8;600;2;16392;0.031;0.015;0.020;-0.058
12;25;52;8919;0.230;0.032;0.056;-0.015
12;50;28;9939;0.213;0.034;0.059;-0.017
12;75;15;10952;0.201;0.038;0.064;-0.017
12;100;10;11485;0.194;0.041;0.067;-0.014
12;200;6;12418;0.183;0.044;0.071;-0.008
12;400;3;13378;0.058;0.017;0.026;-0.058
12;600;2;14046;0.046;0.016;0.023;-0.054
24;25;17;3540;0.011;0.004;0.006;0.003
24;50;5;4186;0.005;0.002;0.003;0.002
